 lakecrystal.futurenet.club,Parts Unknown
1 AU,Australia
"16039 sestri levante ge, italia",Europe
Asia Pacific - based in Sydney,Australia
"Austin, TX",North America
Australia,Australia
Australia (& New Zealand),Australia
Australia and New Zealand,Australia
Bangalore,Asia
Bengaluru,Asia
"bengaluru south, karnataka",Asia
between zagreb  - wien - praha,Europe
Boston,North America
"Boston, MA",North America
"Brisbane, Queensland",Australia
"burlington, ontario",North America
"california, usa",North America
"California, USA",North America
"Cambridge, MA",North America
"Cambridge, MA USA",North America
Canberra ,Australia
"Canberra, AU",Australia
casablanca,Africa
"Cleveland, OH",North America
"Corona, California",North America
Cupertino,North America
Cyprus,Europe
"Docklands, Melbourne",Australia
Don't Worry No One Dies.,Parts Unknown
"England, United Kingdom",Europe
Europe & Middle East,Europe
followersLocation,Parts Unknown
"Frankfurt, Hessen",Europe
"Gale Crater, Mars",Parts Unknown
Global,Parts Unknown
Greater Los Angeles Area,North America
"Grenada Village, Wellington",Oceania
"Gympie, Queensland",Australia
Harvard Business School,North America
"iPhone: 0.000000,0.000000",Parts Unknown
LA,North America
"Ljusne, Sweden",Europe
"Lodz, Poland",Europe
London,Europe
"london, england",Europe
London / Rutland,Europe
London UK,Europe
"london, europe",Europe
"london, uk",Europe
Los Angeles,North America
melbourne,Australia
Melbourne | Australia (via UK),Australia
melbourne australia,Australia
Melbourne Australia,Australia
"Melbourne, Australia",Australia
"Melbourne, Victoria",Australia
"Melbourne, Victoria (mostly)",Australia
"melbourne, victoria, australia",Australia
"Mountain View, California",North America
MSRI,Parts Unknown
New Jersey,North America
New York,North America
"New York + 30,000 feet",North America
New York City,North America
"New York, NY",North America
"new york, ny | paris, france.",North America
New Zealand,Oceania
"Not Cambridge, UK",Europe
"Perth, Western Australia",Australia
Portland,North America
"Portland, OR",North America
"Salt Lake City, UT",North America
"San Francisco, CA",North America
"San Francisco, Chicago",North America
"Saturn, Solar System",Parts Unknown
"Seattle, WA",North America
Singapore,Asia
Snapchat : Thediyideas,Parts Unknown
Space,Parts Unknown
"Stamford, CT",North America
Suffolk,Europe
Sydney,Australia
"Sydney, Australia",Australia
"Sydney, New South Wales",Australia
"Sydney, NSW, Australia",Australia
"Toronto, ON CANADA",North America
"Tulsa, OK",North America
Turn On Notifications!,Parts Unknown
Twitter,Parts Unknown
UK,Europe
UK | GE | US | CH,Europe
"ÜT: 51.511924,-0.22414",North America
"Victoria, Australia",Australia
"Washington, DC",North America
"waterloo, ontario canada",North America
"Wellington City, New Zealand",Oceania
"Wellington, New Zealand",Oceania
WORLDWIDE,Parts Unknown
"Wyndham, VA",North America
yhojob1gmail.com,Parts Unknown
ZRH | LON | NYC | SIN | HKG,Europe
"Zug, Switzerland",Europe
,Parts Unknown
